CREATE TABLE IF NOT EXISTS Customers(CustomerID TEXT, CompanyName TEXT, Address TEXT, ContactName TEXT, ContactTitle TEXT, City TEXT, Region TEXT, PostalCode TEXT, Country TEXT, Phone TEXT, Fax TEXT);
CREATE TABLE IF NOT EXISTS OrderDetails (OrderID INTEGER, ProductID INTEGER, UnitPrice DOUBLE, Quantity INTEGER, Discount DOUBLE);
CREATE TABLE IF NOT EXISTS Orders(OrderID INTEGER, CustomerID TEXT, EmployeeID INTEGER, OrderDate TEXT, RequiredDate TEXT, ShippedDate TEXT, ShipperID INTEGER, Freight DOUBLE, ShipName TEXT, ShipAddress TEXT, ShipCity TEXT, ShipRegion TEXT, ShipPostalCode TEXT, ShipCountry TEXT);
INSERT INTO Customers VALUES
('ALFKI', 'Alfreds Futterkiste', 'Obere Str. 57', 'Maria Anders', 'Sales Representative', 'Berlin', NULL, '12209', 'Germany', '030-0074321', '030-0076545'),
('ANATR', 'Ana Trujillo Emparedados y helados', 'Avda. de la Constitución 2222', 'Ana Trujillo', 'Owner', 'México D.F.', NULL, '5021', 'Mexico', '(5) 555-4729', '(5) 555-3745'),
('ANTON', 'Antonio Moreno Taquería', 'Mataderos  2312', 'Antonio Moreno', 'Owner', 'México D.F.', NULL, '5023', 'Mexico', '(5) 555-3932', NULL),
('AROUT', 'Around the Horn', '120 Hanover Sq.', 'Thomas Hardy', 'Sales Representative', 'London', NULL, 'WA1 1DP', 'UK', '(171) 555-7788', '(171) 555-6750');
INSERT INTO OrderDetails VALUES
(10248, 1, 14.0, 12, 0.0),
(10248, 5, 9.8, 10, 0.0),
(10248, 3, 17.3, 5, 0.0),
(10249, 2, 8.1, 9, 0.0),
(10249, 3, 17.4, 40, 0.0),
(10250, 1, 14.0, 10, 0.0),
(10250, 4, 20.7, 35, 0.15),
(10250, 5, 9.9, 15, 0.15),
(10251, 1, 14.0, 6, 0.05),
(10251, 2, 8.5, 15, 0.05),
(10251, 3, 17.6, 20, 0.0),
(10252, 2, 8.1, 40, 0.05),
(10252, 4, 21.8, 25, 0.05),
(10252, 5, 10, 40, 0.0),
(10253, 1, 14.2, 20, 0.0),
(10253, 2, 7.8, 42, 0.0),
(10253, 4, 20.8, 40, 0.0),
(10254, 2, 8.0, 15, 0.15),
(10254, 3, 17.8, 21, 0.15),
(10254, 4, 21, 21, 0.0),
(10255, 1, 14.2, 20, 0.0),
(10255, 2, 8.3, 35, 0.0),
(10255, 4, 20.6, 25, 0.0),
(10255, 5, 9.6, 30, 0.0),
(10256, 2, 8.0, 15, 0.0),
(10256, 3, 17.4, 12, 0.0),
(10257, 2, 7.8, 25, 0.0),
(10257, 3, 17.6, 6, 0.0),
(10257, 5, 9.8, 15, 0.0),
(10258, 2, 8.3, 50, 0.2),
(10258, 3, 17.5, 65, 0.2),
(10258, 5, 9.9, 6, 0.2),
(10259, 2, 8.0, 10, 0.0),
(10259, 4, 20.8, 1, 0.0);
INSERT INTO Orders VALUES
(10248, 'ALFKI', 1, '2023-08-04', '2023-09-01', '2023-08-16', 3, 32.38, 'Alfreds Futterkiste', 'Obere Str. 75', 'Berlin', NULL, '12209', 'Germany'),
(10249, 'ANATR', 2, '2023-08-05', '2023-09-16', '2023-08-10', 1, 11.61, 'Ana Trujillo Emparedados y helados', 'Avda. de la Constitución 2222', 'México D.F.', NULL, '5021', 'Mexico'),
(10250, 'ANTON', 2, '2023-08-08', '2023-09-05', '2023-08-12', 2, 65.83, 'Antonio Moreno Taquería', 'Mataderos  2312', 'México D.F.', NULL, '5023', 'Mexico'),
(10251, 'ALFKI', 1, '2023-08-08', '2023-09-05', '2023-08-15', 1, 41.34, 'Alfreds Futterkiste', 'Obere Str. 57', 'Berlin', NULL, '12209', 'Germany'),
(10252, 'ANTON', 3, '2023-08-09', '2023-09-06', '2023-08-11', 2, 51.3, 'Antonio Moreno Taquería', 'Mataderos  2312', 'México D.F.', NULL, '5023', 'Mexico'),
(10253, 'AROUT', 3, '2023-08-10', '2023-08-24', '2023-08-16', 2, 58.17, 'Around the Horn', '120 Hanover Sq.', 'London', NULL, 'WA1 1DP', 'UK'),
(10254, 'ALFKI', 4, '2023-08-11', '2023-09-08', '2023-08-23', 2, 22.98, 'Alfreds Futterkiste', 'Obere Str. 57', 'Berlin', NULL, '12209', 'Germany'),
(10255, 'ANATR', 1, '2023-08-12', '2023-09-09', '2023-08-15', 3, 148.33, 'Ana Trujillo Emparedados y helados', 'Avda. de la Constitución 2222', 'México D.F.', NULL, '5021', 'Mexico'),
(10256, 'AROUT', 2, '2023-08-15', '2023-09-12', '2023-08-17', 2, 13.97, 'Around the Horn', '120 Hanover Sq.', 'London', NULL, 'WA1 1DP', 'UK'),
(10257, 'ALFKI', 1, '2023-08-16', '2023-09-13', '2023-08-22', 3, 81.91, 'Alfreds Futterkiste', 'Obere Str. 57', 'Berlin', NULL, '12209', 'Germany'),
(10258, 'ANTON', 3, '2023-09-17', '2023-10-14', '2023-09-23', 1, 140.51, 'Ana Trujillo Emparedados y helados', 'Avda. de la Constitución 2222', 'México D.F.', NULL, '5021', 'Mexico'),
(10259, 'ALFKI', 3, '2023-09-18', '2023-10-15', '2023-09-25', 3, 3.25, 'Alfreds Futterkiste', 'Obere Str. 57', 'Berlin', NULL, '12209', 'Germany');